単語,意味,例文 (英語),例文(日本語)
jack,をジャッキで持ち上げる,The mechanic jacked up the car in order to change the tyre.,整備士はタイヤを交換するために車をジャッキで持ち上げた。
thereby,それによって; その結果,The player dropped the ball; thereby losing the match.,その選手はボールを落とし，その結果試合に負けた。
sterling,(外国貨幣と区別して)英貨,The transaction was 3;000 pounds sterling.,取引は英貨3,000ポンドだった。
chronic,(病気が)慢性の; 長期にわたる,The old man suffered from chronic lung disease.,その老人は慢性の肺病を患っていた。
spectrum,変動範囲; スペクトル,Politics often produces a wide spectrum of opinions.,政治はしばしば幅広いさまざまな意見を生み出す。
empirical,観察[実験]に基づく,Much empirical evidence suggests that global warming is a man-made problem.,多くの実証的証拠が，地球温暖化は人間が作り出した問題だと示唆している。
referendum,国民投票,In 1975; the UK held a referendum on EU membership.,イギリスでは1975年に，EU加盟に関する国民投票が行われた。
dioxide,二酸化物,The amount of carbon dioxide in developing countries increased dramatically.,発展途上国では二酸化炭素量が劇的に増えた。
lifespan,平均寿命; 寿命,Japanese people have a very long life expectancy.,日本人は平均寿命が非常に長い。
hull,船体; 外皮; さや,The sailing boat's hull was made of wooden planking.,そのヨットの船体は木製の外板でできていた。
minimal,最小の; 最小限度の,The new strategies will boost sales with minimal effort.,新戦略は最小限の努力で売り上げを伸ばすだろう。
managerial,経営(上)の; 管理(上)の,Managerial staff are not paid overtime.,管理職には残業代が支払われない。
eligible,(~に)適格の; 資格のある,You must demonstrate English proficiency to be eligible for admission.,入学の資格を得るためには英語力があることを示さなければならない。
specification,製品仕様; 仕様書,The engineer read the product specifications with interest.,その技術者は興味深くその製品仕様書を読んだ。
compliance,(法令)順守; 応諾,Overseas tax compliance is a major issue for multinational companies.,多国籍企業にとって海外の税法を順守することは重要な問題である。
pronounced,はっきりした; 目立つ,King George VI spoke with a very pronounced stammer.,国王ジョージ6世は非常に顕著な吃音を伴う話し方をした。
predominantly,主として; 主に,The company's success was predominantly due to skilful marketing.,その会社の成功は主に巧みなマーケティングによるものだった。
inappropriate,(~に)不適当な; 不似合いの,The director thought the news was inappropriate for broadcast on TV.,ディレクターは，そのニュースはテレビ放送には不適切だと思った。
syndrome,症候群,The hospital specialised in research into metabolic syndrome.,その病院はメタボリック症候群の研究を専門としていた。
bloke,やつ; 男,The escaped criminal seemed like an ordinary bloke.,その逃走犯は普通の男に見えた。
accountability,説明義務[責任],Many companies must show more accountability to their customers.,多くの企業は顧客に対してもっと説明義務を果たさなければならない。
cognitive,認識の; 認知の,The lawyer was surprised at the boy's low cognitive ability.,弁護士は少年の認知能力の低さに驚いた。
venue,開催地; 会場,Wembley Stadium in England is a famous live show venue.,イングランドのウェンブリースタジアムはライブショーの有名な会場だ。
willingness,快く(~)すること,The employee showed great willingness to learn new skills.,その社員は新しい技術を進んで習得しようという姿勢を見せた。
dual,二重の; 両面性を持った,Many countries still do not recognise dual citizenship.,多くの国は二重国籍をまだ認めていない。
gall,ずうずうしさ; 厚かましさ,Few employees had the gall to contradict their boss.,上司に反対意見を述べる厚かましさのある社員はほとんどいなかった。
grid,(道路の)碁盤の目; 格子,The roads of the city followed a grid system.,その市の道路は碁盤の目状になっていた。
autonomous,自治の; 自治権のある,Vatican City is autonomous from the Italian government.,バチカン市国はイタリア政府から独立して自治権を有する。
adjacent,(~に)近接[隣接]した,The visitor parking lot is adjacent to the main building.,来客用の駐車場は本館に隣接している。
psychiatric,精神病学[治療]の,The judge ordered a psychiatric examination of the accused.,裁判官は被告の精神鑑定を命じた。
configuration,形状; 外形; 配列,Washing machines are available in two configurations: top-loading and front-loading.,洗濯機は縦型とドラム式の2つの形状が売られている。
vegetation,(一地域の)植生,The area around the river was rich in vegetation.,その川の周辺地域には豊かな植生があった。
bizarre,奇怪な; 風変わりな,Many critics found the ballet costumes bizarre.,多くの批評家はそのバレエの衣装を風変わりだと思った。
infrastructure,(経済)基盤; インフラ,The city's infrastructure cannot support large housing projects.,その市のインフラでは大規模な住宅プロジェクトを支えられない。
bladder,膀胱,The vet treated the dog for a bladder infection.,獣医はそのイヌの膀胱の感染症の治療をした。
outset,最初; (事業などの)着手,The committee was dubious about the project from the outset.,委員会は最初からそのプロジェクトについて懐疑的だった。
norm,規範; (行動様式などの)典型,Wearing a white gown is the norm for brides.,花嫁は白いドレスを着るのが典型的である。
credibility,信ぴょう性; 信頼できること,The lawyer carefully examined the credibility of the evidence.,弁護士はその証拠の信ぴょう性を慎重に検証した。
immune,(~に)免疫のある,The defiant actor seemed immune to criticism.,その反抗的な俳優は批判に対して免疫があるようだった。
indigenous,(ある土地に)固有の; 原産の,This deer is indigenous to the western half of North America.,このシカは北米の西半分に固有のものだ。
viable,実行可能な; 生存可能な,The proposal was not viable because of its expense.,その提案は費用の面から実行可能ではなかった。
morale,(組織の)士気; 風紀,Morale among the shop floor workers was low.,店の売り場で働く人たちの士気は低かった。
momentum,勢い; 弾み; 起動力,The pro-democracy movement began to gain momentum.,民主化運動は勢いを増し始めた。
methodology,方法論; 研究方法,The professor's research methodology was questionable.,その教授の研究方法には疑問の余地があった。
constituent,構成要素; 成分; 有権者,Blood is made up of several different constituents.,血液は幾つかの異なった成分でできている。
peripheral,末梢的な; あまり重要でない,Only a few peripheral details remained to be decided.,あとはあまり重要でない細かい点を幾つか決めるだけだった。
optical,視覚(上)の; 光学(上)の,The oasis was nothing but an optical illusion.,そのオアシスは視覚的錯覚にすぎなかった。
mason,石工; れんが職人,A mason was employed to carve the tombstone.,その墓石を彫るために石工が雇われた。
cult,カルト; カルト教団,A cult group claimed responsibility for the attacks.,カルト集団がその攻撃の犯行声明を出した。
consortium,共同企業体; 合弁企業,A Europe-based consortium bought out the struggling advertising agency.,ヨーロッパを拠点とする合弁企業が不振にあえぐその広告代理店を買収した。
unprecedented,前例のない; 空前の,The communists won an unprecedented number of votes.,共産党は空前の票を集めた。
nitrogen,窒素,Over 75% of the air that we breathe is nitrogen.,私たちが呼吸する空気の 75%以上は窒素だ。
notorious,(~で)悪名高い,The company was notorious for its poor quality control.,その会社は品質管理が悪いことで悪名が高かった。
transit,(天体の)子午線通過; 輸送; 運搬,The transit of Venus across the Sun is a rare event.,太陽を横切る金星の子午線通過はまれな出来事である。
patronage,(芸術・事業などの)後援; 保護; 奨励,The artist enjoyed the patronage of several wealthy businessmen.,その芸術家は裕福な実業家何人かの後援を受けていた。
precedent,先例; 前例; 判例,The court case set a legal precedent.,その訴訟事件は法的先例を作った。
undermine,を徐々にむしばむ; ひそかに傷つける,Global warming is undermining the planet's health.,地球温暖化がこの惑星の健康をむしばんでいる。
livestock,家畜(類),The farmer's livestock were grazing on the hillside.,その農夫の家畜は丘の斜面で牧草をはんでいた。
void,何もない空間; 虚空; 空の,The satellite was lost in the void of space.,その衛星は宇宙の虚空で行方不明になった。
feasible,実現[実行]可能な; 可能性のある,Many experts questioned whether the government's plan was feasible.,政府の計画が実行可能かどうか多くの専門家が疑った。
stark,くっきりした; 荒涼たる; 厳しい,There is a stark difference between the two countries.,両国には際立った違いがある。
onset,(特に望ましくないことの)始まり; 開始,Please take this medicine at the first onset of a cold.,この薬は風邪のひき始めに飲んでください。
limestone,石灰岩; 石灰石,Many fossils were seen in the limestone layers.,多くの化石がその石灰岩層の中に見られた。
premature,早過ぎる; 時期尚早の; 早産の,The couple's baby was three and a half weeks premature.,その夫婦の赤ちゃんは 3週間半早産だった。
imminent,今にも起こりそうな; 差し迫った,The species is facing an imminent danger of extinction.,その種は差し迫った絶滅の危機に瀕している。
advent,(the ~)出現; 到来,The Internet marked the advent of a new age.,インターネットは新しい時代の到来を告げた。
plausible,理にかなっている; もっともらしい,The student gave a plausible reason for arriving late.,その生徒は遅刻のもっともらしい理由を述べた。
prone,(~する)傾向がある,The delicate child was prone to catch colds.,その病弱な子どもは風邪をひきやすかった。
wary,(~に)用心深い; 注意深い,The old lady was instructed to be wary of theft.,その老婦人は泥棒に気を付けるよう教えられた。
surge,(感情の)込み上げ; 高まり; 押し寄せる,He felt a surge of joy when he heard his family were safe.,家族が無事だと聞いて彼は喜びが込み上げるのを感じた。
hygiene,衛生(状態[管理]); 清潔,Hygiene in restaurants is a key issue for public health.,飲食店での衛生管理は人々の健康にとって重要な課題だ。
sewage,下水; 汚水,Some of London's sewage system is over 100 years old.,ロンドンの下水道の一部は 100年以上前に作られたものだ。
potent,(薬などが)よく効く; 勢力のある; 有力な,The vaccine remains potent for several years.,そのワクチンは何年か効果が持続する。
surveillance,監視; 見張り; 査察,Surveillance cameras line the streets of London.,ロンドンの通りには監視カメラが並んでいる。
naive,世間知らずの; 単純な; 楽天的な,The professor found the students' essays rather naive.,その教授は生徒たちのレポートをかなり単純だと思った。
sceptical,(~に)懐疑的な; 疑い深い,The public were sceptical of the official news media.,大衆は公式のニュースメディアに疑いを持っていた。
reservoir,貯水池; ため池; 貯水槽,The reservoir dried up completely during the dry weather.,そのため池は乾燥した天気の間に完全に干上がった。
debris,残骸; がれき,The amount of debris from the collapsed building was immense.,倒壊したビルのがれきの量は膨大だった。
synthetic,合成の; 総合の; 統合の,This fabric is made of synthetic silk.,この布は合成の絹でできている。
cynical,皮肉な; 冷笑的な; ひねくれた,The comedian's cynical remarks drew much laughter.,そのコメディアンの皮肉な発言は多くの笑いを呼んだ。
defective,欠点[欠陥]のある; 不完全な,The car accident was caused by defective brakes.,その自動車事故は欠陥のあるブレーキによって引き起こされた。
demographic,人口統計(学)の,Major demographic changes occurred due to immigration reform.,移民法の改革により人口統計上の大きな変化が起きた。
brewery,(ビールなどの)醸造所; ビール会社,Many pubs in the UK are owned by large breweries.,イギリスの多くのパブは大手のビール会社が所有している。
consecutive,連続した,The football team registered seven consecutive wins.,そのサッカーチームは 7連勝を記録した。
opt,(~を)選ぶ; (~に)決める,The professor decided to opt for early retirement.,その教授は早期退職を選ぶことにした。
outright,全くの; 率直な; 完全に,Some people tell outright lies to support their positions.,自分の立場を維持しようとあからさまなうそをつく人たちがいる。
corpus,言語資料; コーパス,We can learn a lot about the vocabulary from a corpus.,われわれは言語資料から語彙についてたくさんのことを学べる。
severity,厳しさ; 激しさ; 深刻さ; 重大さ,The government tried to hide the severity of the economic crisis.,政府は経済危機の深刻さを隠そうとした。
cellular,細胞の; 細胞から成る,The biology professor explained the cellular phenomenon by drawing it.,その生物学の教授はその細胞現象を絵に描いて説明した。
maternal,母の; 母らしい,Not all psychologists believe that there is a maternal instinct.,全ての心理学者が母性本能があると信じているわけではない。
communal,共同の; 共同社会の; 共有の,The communal facilities in the building were low-quality.,その建物の共同施設は質が良くなかった。
mug,ジョッキ; マグカップ,Workers were asked to bring their own mug to work.,従業員たちは職場に自分のマグカップを持参するように言われた。
admittedly,誰もが認めるように; 確かに; なるほど,Admittedly, wars are still happening in many parts of the world.,確かに，世界の多くの場所でいまだに戦争が起きている。
cumulative,累積的な; 累加的な,Doctors blamed the illness on cumulative exposure to chemicals.,医師たちは，その病気は化学薬品への露出が累積したことが原因だとした。
dubious,疑わしい; いかがわしい; 半信半疑で,The report was based on dubious information from an unknown source.,その報告書は出所不明の疑わしい情報に基づいていた。
exempt,(~を)免除された; に(義務などを)免じる,Overseas students are exempt from paying tax.,留学生は税金の支払いを免除されている。
robust,強健な; がっしりした; たくましい,Despite being over 80, he was still very robust.,80歳を超えているにもかかわらず彼はまだとても強健だった。
archive,公文書; 古記録; アーカイブ,It is possible to read part of these newspaper archives online.,この新聞アーカイブの一部はオンラインで読むことが可能だ。
contention,主張; 論点; 論争,It was the environmentalist's contention that global warming was irreversible.,地球温暖化を元に戻すことはできないというのがその環境保護論者の主張だった。
contingent,(~に)依存する; 左右される,Success of the fireworks party was contingent on the weather.,花火大会の成功は天気にかかっていた。
trolley,手押し車; トロッコ; 路面電車,The lady filled her shopping trolley with food.,その婦人は買い物用の手押し車を食料品でいっぱいにした。
prototype,原型; 試作品,The prototype of the product was designed last year.,その製品の試作品は去年デザインされた。
dementia,認知症,This facility specialises in the treatment of senile dementia.,この施設は老人性認知症の治療を専門としている。
susceptible,(～に)影響を受けやすい; 感染しやすい,Children are especially susceptible to colds this time of year.,子どもはこの時期特に風邪に感染しやすい。
sinister,邪悪な; よこしまな; 陰険な,The police uncovered a sinister plot to overthrow the government.,警察は政府を転覆しようとする邪悪な計画を暴いた。
proximity,(～に)近いこと; 近接; 接近,Her family all live in close proximity to each other.,彼女の家族はみんなお互いにすぐ近くに住んでいる。
acoustic,聴覚の; 音響(学)の,The accident affected the acoustic ability of one of his ears.,その事故は彼の片耳の聴覚能力に影響を与えた。
poised,用意ができている; 身構えて,The local football team is poised to win the championship.,地元のサッカーチームは決勝戦に勝つ態勢が整っている。
rigorous,厳しい; 厳格な; 精密な,All medicines are subjected to rigorous tests before approval.,全ての薬品は承認前に厳格な試験を受ける。
diabetes,糖尿病,It is true that many overweight people suffer from diabetes.,多くの体重過多の人が糖尿病に苦しんでいるのは事実だ。
asthma,ぜんそく,Asthma causes many people to have severe breathing difficulties.,ぜんそくは多くの人に重い呼吸困難をもたらす。
haven,避難所; 安息地; 保護区,The Cayman Islands is a well-known offshore tax haven.,ケイマン諸島は有名な海外の租税回避地である。
impetus,弾み; 刺激; 推進力; 起動力,The failure provided the impetus for a new approach.,その失敗は新しい取り組みへの刺激となった。
lethal,致命的な; 致死(性)の; 破壊的な,Some serious criminals are put to death by lethal injection.,重大犯罪者の一部は致死注射により処刑される。
radius,半径,The circle has a radius of five centimetres.,その円は半径5センチだ。
intrinsic,本来備わっている; 固有の; 本質的な,Language is intrinsic to human beings.,言語は人間に本来備わった能力である。
swap,を(～と)交換する; 取り替える,The two boys swapped their game consoles for a week.,2人の少年はゲーム機を1週間交換した。
drought,干ばつ; 日照り続き; 渇水,The summer drought lasted for several weeks this year.,今年は夏季の干ばつが数週間続いた。
militant,攻撃的な; 戦闘的な,The union members gradually became more militant.,組合員たちは徐々により攻撃的になっていった。
incompatible,(～と)相いれない; 両立しない,Freedom of information is sometimes incompatible with the right to privacy.,情報の自由はプライバシーの権利と相いれないことがある。
mandate,と命じる; 義務づける,The rules mandate that examinees present a valid passport.,規則は受験者が有効なパスポートを提示することを義務づけている。
elusive,理解[定義]しにくい; 捕まえにくい,Dark matter is the most elusive substance of all.,暗黒物質は全ての物質の中で最も理解しにくいものだ。
sensory,感覚[知覚]の; 感覚上の,The brain interprets sensory information to perceive reality.,脳は感覚情報を解釈して現実を知覚する。
glossy,艶のある; 光沢[平滑]の,The company produced a glossy brochure for publicity purposes.,その会社は広報目的で光沢のあるパンフレットを製作した。
corporal,身体の; 肉体の,Many countries have banned corporal punishment in schools.,多くの国では学校での体罰は禁止されている。
generic,一般的な; 包括的な; 商標登録されていない,Cheddar is a generic term for a number of cheeses.,チェダーは幾つかのチーズを表す一般用語だ。
muscular,筋骨隆々とした; 筋肉の,The muscular actor became the governor of California.,その筋肉質の俳優はカリフォルニア州知事になった。
outrageous,途方もない; 法外な; 無法な,Many people were surprised by his outrageous behaviour.,多くの人が彼のとんでもない行動に驚いた。
legion,多数(の～); 大群; 軍,This football team has legions of supporters.,このサッカーチームにはサポーターが大勢いる。
paramount,最高の; 主要な; 卓越した,Freedom of speech is of paramount importance in the country.,その国では言論の自由が最も重要である。
terrain,地形; 地勢,The terrain of Hokkaido is more hilly than mountainous.,北海道の地形は山岳的というよりは丘陵的である。
tangible,触れることのできる; 有形の; 明白な,The project was dissolved without producing any tangible results.,そのプロジェクトは目に見える結果が出ないまま解散した。
definitive,最終的な; 決定的な,The judge issued a definitive ruling on the case.,裁判官はその訴訟に最終的な裁定を下した。
parameter,要因; (～S) 限界; 範囲,Various parameters determined the outcome of the policy.,いろいろな要因がその政策の成果を決定した。
kidney,腎臓,The kidneys have the function of filtering the blood.,腎臓には血液をろ過する機能がある。
imperative,絶対必要な; 必須の,It is imperative that all workers refrain from smoking here.,ここでは全ての従業員が喫煙を控えることが絶対に必要だ。
fatty,脂肪分の多い; 脂っこい,The cook cut off the fatty meat before cooking the chicken.,その料理人は鶏肉を調理する前に脂肪の多い肉を取り除いた。
geometric,幾何学の; 幾何学的な,Many cave paintings are decorated with strange geometric shapes.,多くの洞窟画は奇妙な幾何学形で飾られている。
underway,進行中で,Construction of the highway is now underway.,その幹線道路の建設が進行中だ。
predator,捕食動物,Most predators prefer to eat living prey.,ほとんどの捕食動物は生きた獲物を食べることを好む。
periodic,周期的な; 定期的な,The machine suffered from periodic breakdowns.,その機械は定期的に故障した。
rectangular,長方形の; 直角の; 直交する,The diamond ring was placed in a rectangular gift box.,そのダイヤの指輪は長方形のギフトボックスに入っていた。
granite,花こう岩; 御影石,The sculpture had been carved from a block of granite.,その彫刻は花こう岩の塊から彫り出したものだった。
repertoire,レパートリー; 上演目録; 演奏曲目,The opera singer has a large repertoire of songs.,そのオペラ歌手は幅広い歌のレパートリーを持っている。
temporal,側頭部の; この世の; 俗世の,The temporal lobe is one of the brain's four lobes.,側頭葉は脳にある4つの葉の1つだ。
rig,を急ごしらえする; を支度する,A temporary bridge was rigged up across the river.,その川に仮設の橋が急ごしらえで架けられた。
paradigm,理論的枠組み; パラダイム; 例; 典型,The government's radical policies brought about a paradigm shift.,政府の急進的な政策はパラダイムシフトをもたらした。
deter,に(～を)思いとどまらせる,The stormy weather did not deter us from going out.,天候が荒れてもわれわれが外出を思いとどまることはなかった。
manipulate,を操る; を操作する,The police were accused of manipulating the witness.,警察は証人を操ったことを非難された。
pointless,無意味な; 効果のない; 要領を得ない,It is pointless to keep fighting when you know you can't win.,勝てないと分かっていて戦い続けるのは無意味だ。
consolation,慰め; 慰謝; 慰めとなるもの,The widow's children were a great consolation to her.,その未亡人にとって子どもたちが大きな慰めになった。
versatile,多才な; 多芸な; 多方面にわたる,This new plastic is very versatile.,この新しいプラスチックは非常に多目的に使える。
discreet,思慮分別のある; (言動が)慎重な,People should be more discreet when criticising other people.,他人を批判するときはより慎重になるべきだ。
neural,神経(系)の,Studies show that stress affects the neural system.,ストレスが神経系に影響を与えることを研究が示している。
focal,焦点となる; 中心的な; 焦点の,The focal point of graduate study is the thesis.,大学院での学問の中心は論文である。
intricate,複雑な; 錯綜した; 手の込んだ,The clock had an intricate mechanism.,その時計の仕組みは複雑だった。
respondent,回答者,The questionnaire attracted over 1;000 respondents.,そのアンケートは1,000人以上の回答者を集めた。
analogous,(～に)似ている; 類質の; 相似の,Teaching can be viewed as analogous to acting.,教えることは演じることに似ていると見なすことができる。
harness,を(制御して)利用する,Solar panels are used to harness the sun's energy.,ソーラーパネルは太陽のエネルギーを利用するのに用いられる。
volatile,(状況などが)不安定な; 波乱含みの,It is dangerous to invest in stocks under volatile political situations.,不安定な政治状況において株に投資するのは危険だ。
flint,火打ち石,During the Stone Age flint was used to make tools.,石器時代に火打ち石は道具を作るのに使われた。
respiratory,呼吸の(ための); 呼吸器に関する,As his weight increased; so did his respiratory problems.,体重増加に伴い彼の呼吸器の問題も悪化した。
sanction,(～に対する)制裁; 認可,The United Nations imposed sanctions against South Africa in 1977.,国連は1977年に南アフリカに対して制裁を科した。
embryo,胚; (受精後8週間以内の)胎児,Human embryos take eight weeks to develop into a foetus.,人間の胚は8週間かけて胎児に成長する。
gifted,天分のある; 優れた才能のある,The mathematician had attended a school for gifted children.,その数学者は英才児のための学校に通っていた。
martial,戦争の; 軍人の; 軍隊の,The president declared a state of martial law.,大統領は戒厳令を発令した。
metabolism,新陳代謝; 代謝作用,As people age; their metabolism generally slows down.,加齢とともに新陳代謝は一般に低下する。
pharmaceutical,製薬の; 薬剤の; 薬学の,Pharmaceutical research requires both money and time.,製薬の研究は費用と時間の両方を必要とする。
maximise,を最大限に増やす[活用する],What is the best way to maximise one's happiness?,幸福を最大限にするための最良の方法は何だろうか。
curator,学芸員; キュレーター,The museum's curators were all specialists in art.,その美術館の学芸員は皆，美術の専門家だった。
ion,イオン,Positive ions were attracted by the negative charge.,プラスのイオンはマイナスの電荷に引き寄せられた。
recourse,(～を)頼りにすること; (～に)力を借りること,The students were unable to answer without recourse to dictionaries.,生徒たちは辞書に頼ることなしに解答することはできなかった。
visibility,視界; 視界; 目に見えること,Visibility became extremely low in the fog.,霧で視界が極度に悪くなった。
ore,鉱石,Australia is well-known for its abundance of iron ore.,オーストラリアは鉄鉱石が豊富なことでよく知られている。
untouched,触れられていない; 手[口]を付けていない,Machu Picchu was left untouched for centuries.,マチュピチュは何世紀も誰にも触れられないままだった。
cohesion,結束; 結合性,The policy was designed to promote social cohesion.,その政策は社会の結束を促進することを意図したものだった。
sizeable,かなり大きい; 相当の; かなりの,A sizeable majority voted in favour of the motion.,相当な多数がその動議に賛成票を投じた。
tuition,指導; 授業,Tuition fees at private universities are usually very high.,私立大学の授業料は普通，非常に高い。
arthritis,関節炎,The pain from arthritis worsened as the patient grew older.,年を取るにつれてその患者の関節炎の痛みは悪化した。
upbringing,(子供の)養育; 教育; しつけ,Our upbringing affects the way we view our world.,親のしつけが私たちの世界観に影響する。
congestion,密集; 混雑,Traffic congestion is a major issue in big cities.,大都市では交通渋滞は重大な問題だ。
repetitive,繰り返しの(多い); 長期的な,Many factory workers were bored by their repetitive jobs.,多くの工場労働者は反復的な仕事にうんざりしていた。
abstraction,抽象概念,In textbooks; concrete examples are usually preferable to abstractions.,教科書では，抽象概念よりも具体的な例の方が通常好ましい。
brittle,堅くてもろい; 砕けやすい,Metals become more brittle when it is cold.,金属は冷たいとよりもろくなる。
hormone,ホルモン,Growth hormone is the key to slowing the aging process.,成長ホルモンは老化のプロセスを遅らせるための鍵である。
rift,裂け目; 割れ目,The stars were visible through a rift in the clouds.,雲の切れ目から星が見えた。
intuitive,直観による; 直感的な; 勘の鋭い,The young entrepreneur had an intuitive understanding of business.,その若い起業家はビジネスが何であるかを直観的に理解していた。
zinc,亜鉛,The symbol of zinc in the periodic table is Zn.,周期表における亜鉛の記号はZnである。
pneumonia,肺炎,Pneumonia is especially dangerous to elderly people.,肺炎は特に高齢者にとって危険だ。
perimeter,周囲; 周囲の長さ,There was a tall fence surrounding the perimeter of the prison ground.,その刑務所の敷地の周囲は高いフェンスに囲まれていた。
airborne,飛んでいる; 風媒の; 空輸の,Flying fish can remain airborne for over 40 seconds.,トビウオは40秒以上空中にとどまることができる。
sperm,精液,The doctor injected the husband's sperm into the wife's egg.,医師は夫の精液を妻の卵子に注入した。
barrage,集中砲火,The soldiers fired a barrage of shots at their enemies.,兵士たちは敵に射撃の集中砲火を浴びせた。
ludicrous,ばかげた; 常軌を逸した,It is ludicrous to take the examination without any preparation.,全く準備しないでその試験を受けるのはばかげている。
mundane,ありきたりの; 日常の; 世俗的な,Bear in mind that most jobs have their mundane aspects.,ほとんどの仕事にはありきたりな側面があることを肝に銘じなさい。
backdrop,(事件などの)背景,Sales increased against the backdrop of an economic recovery.,景気の回復を背景に売り上げが伸びた。
retrieve,を取り戻す; 回収する,The police retrieved a weapon from the pond.,警察はその池から凶器を回収した。
transient,一時的な; つかの間の; その場限りの,The current market conditions are transient and will change soon.,現在の市況は一時的なものですぐに変わるだろう。
envisage,を心に描く; 想像する; を予想する,The actual building was different from what the architect envisaged.,実際の建物は，その建築家が想像していたものとは違っていた。
continuum,連続(体),The process of language acquisition is a continuum.,言語習得の方法は途切れなく続けることだ。
perverse,道理から外れた; 倒錯した,The radical philosopher was accused of using a perverse logic.,その過激な哲学者は倒錯した論理を用いたと非難された。
residue,残り(物); 残余,After the floods; a residue of mud lay in the streets.,洪水の後，通りには泥が残っていた。
exodus,大移動; 大量出国,The great earthquake caused an exodus of people from the area.,巨大地震はその地域からの人々の大移動を引き起こした。
wedge,くさび,Wedge-shaped letters are among the earliest forms of writing.,くさび形文字は最も初期の文字の 1つだ。
meagre,乏しい; 貧弱な; 少な過ぎる,The caretaker's salary was a meagre £100 per week.,その管理人の給料は週給わずか 100ポンドであった。
bout,(活動・仕事などの)一期間,The winter began with a bout of freezing weather.,その冬の始まりは凍える天候がしばらく続いた。
fuse,を融合させる,The band's music fuses blues with rock.,そのバンドの音楽はブルースとロックを融合している。
entail,を(必然的に)伴う,Studying abroad entails enduring a bit of culture shock.,留学は少々のカルチャーショックに耐えることを伴う。
fracture,割れ目; 裂け目; 骨折,Fractures in tectonic plates can cause earthquakes.,構造プレートの割れ目が地震を引き起こすことがある。
leisurely,のんびりとした,The research continued at a leisurely pace.,研究はのんびりしたベースで続いた。
operative,機能[作用]している,The company's computer systems were not fully operative.,その会社のコンピューターシステムは完全には機能していなかった。
unnoticed,目立たない; 気付かれない,The theft of the documents had gone unnoticed for years.,その書類の盗難は何年も気付かれないままだた。
chant,詠唱歌; 題目,The monks began singing an early-morning chant.,修道士たちは早朝の詠唱歌を歌い始めた。
yeast,イースト; 酵母(菌),Be careful not to put too much yeast in when you bake bread.,パンを焼くときはイーストを入れ過ぎないよう気を付けなさい。
cosmic,宇宙の,Cosmic noise refers to radio waves from outer space.,宇宙雑音とは宇宙からの電波のことを指す。
discrepancy,(〜の間の)不一致; 相違; 矛盾,There was a discrepancy between the suspect's and victim's accounts.,容疑者の説明と被害者の説明の間には相違があった。
empress,女帝; 皇后,Queen Victoria was also the Empress of India.,ビクトリア女王はインドの女帝でもあった。
vaccine,ワクチン,Many elderly people receive a flu vaccine in winter.,多くの高齢者は冬にインフルエンザワクチンの接種を受ける。
feat,偉業; 功績; 手柄; 離れ業,His athletic feats were truly remarkable.,彼のスポーツにおける偉業は本当に素晴らしかった。
distaste,(〜への)(軽い)嫌悪,The comedian's racial jokes aroused distaste in the audience.,そのコメディアンの人種差別的なジョークは観客の嫌悪感を招いた。
cod,タラ,Cod is traditionally used in fish and chips.,フィッシュアンドチップスには伝統的にタラが使われる。
placebo,偽薬,Many vitamin drinks produce a placebo effect.,多くのビタミンドリンクには偽薬効果がある。
womb,子宮,The ultrasound scan showed the baby in the womb.,超音波スキャンが子宮内の赤ん坊を映した。
monumental,不朽[不滅]の; 記念碑的な,The huge dictionary was hailed as a monumental achievement.,その大部の辞書は不朽の業績とたたえられた。
calibre,器量; 力量; 優秀さ,The firm recruited many high-calibre employees.,その企業は能力の高い従業員を数多く募集した。
alight,燃えて,The gardener set the pile of dry leaves alight.,庭師は枯葉の山に火をつけた。
relentless,情け容赦ない; 手厳しい; 執拗な,The media was relentless in criticising the prime minister.,メディアは容赦なく首相を批判した。
mole,モグラ,A mole raised its head from behind the mound.,1匹のモグラが小山の後ろから顔を出した。
reflex,反射作用; 反射神経,The player showed off his lightning fast reflexes.,その選手は電光石火の素早い反射神経を見せつけた。
catalyst,触媒; 触発するもの,Food shortages were a major catalyst in the revolution.,食糧不足がその革命を主に触発するものとなった。
tuberculosis,結核,Tuberculosis was a major public health issue in the 1800s.,1800年代，結核は主要な公衆衛生問題だった。
sprint,短距離競走; 全力疾走,The American athlete won five gold medals in sprint.,そのアメリカのアスリートは短距離走で 5つの金メダルを取った。
antiquity,古代,The museum had many priceless scrolls from antiquity.,その博物館は古代の極めて貴重な巻物を多数所蔵していた。
courier,運搬人; 急送便会社[業者],The parcel was delivered quickly by courier.,その小包は宅配便ですぐに配達された。
herring,ニシン; ニシン科の魚,Smoked herring with lemon juice is an appetising French starter.,レモン汁であえた薫製ニシンは食欲をそそるフランス料理の前菜だ。
revert,(元の状態に)戻る; 返る,The students soon reverted to using their own language.,学生たちはすぐに自分たちの言語を使うようになった。
resonance,反響; 響き; 余韻,The word 'home' has a special resonance in English.,'home'という語は英語では特別な響きがある。
proxy,代わりとなるもの; 代理,The vice-president acted as a proxy for his chief.,副社長は上司の代わりを務めた。
porcelain,磁器; 磁器製品,The fine porcelain mugs shattered when they hit the floor.,その見事な磁器のマグカップは床に落ちて粉々になった。
precarious,不安定な; 心もとない; 当てにならない,Many part-time jobs are precarious.,パートの仕事の多くは不安定である。
benevolent,慈悲深い; 善意のある,The businessman was a benevolent man; donating millions of pounds to charity.,その実業家は慈悲深い人で，慈善事業に何百万ポンドも寄付した。
ingenuity,創意工夫の才; 独創性,Ingenuity is key to the development of new technology.,独創性が新技術開発の鍵となる。
sporadic,散発的な; 時々起こる,There were reports of sporadic fighting throughout the city.,市内全域で散発的な戦闘が起きているという報告があった。
diffuse,を散らす; 発散する,The spray bottle diffused deodorant particles into the air.,そのスプレー缶は空気中に防臭剤の粒子を放った。
vibrant,響き渡る; 反響する; 震える,The actor has a low and vibrant voice.,その俳優は低くてよく響く声の持ち主だ。
aroma,芳香; 香り,Most people enjoy the aroma of fresh coffee.,ほとんどの人は入れたてのコーヒーの香りが好きだ。
battlefield,戦場,Many rulers have won their positions on the battlefield.,多くの支配者が戦場で地位を勝ち取った。
havoc,大破壊; 荒廃; 大損害,The enormous earthquake caused havoc across the area.,その巨大地震は地域全体に大きな被害をもたらした。
insecure,(〜について)不安な; 心配な,Many middle-aged workers feel insecure about their pension.,中年労働者の多くは年金に不安を感じている。
lag,遅れる; 立ち遅れる,The African continent continues to lag behind in economic growth.,アフリカ大陸は今なお経済成長において立ち遅れている。
pedigree,"家系，血筋;（動物の）血統",The politician's family was of good pedigree.,その政治家の一家は良い家系だった。
emulate,を見習う;に追い付こうと励む,He tried hard to emulate his father's success.,彼は父親の成功を見習おうと一生懸命に努力した。
burrow,巣穴,The rabbits escaped into their burrow.,ウサギたちは巣穴に逃げ込んだ。
freshwater,真水の;淡水の;淡水にすむ,Freshwater dolphins are nearly extinct.,淡水に生息するイルカはほとんど絶滅状態である。
barge,（荷物運搬用の）平底船;はしけ,The canals were mainly used by barges.,その運河は主に平底船によって利用された。
duplicate,を複写［複製］する,No software may be duplicated without permission from the author.,いかなるソフトウエアも作者の許可なしに複製されてはならない。
encompass,を含む;包含する;を取り囲む,The atlas encompassed maps of most countries.,その地図帳にはほとんどの国の地図が含まれていた。
adhesive,接着剤,The carpenter used a strong adhesive to fix the chair.,大工はその椅子の修理に強い接着剤を使った。
parasite,寄生虫;寄生動物;寄生植物,The animal was covered with parasites.,その動物は体中に寄生虫が付いていた。
phenomenal,驚異的な;並外れた,The musical was a phenomenal hit.,そのミュージカルは驚異的なヒットとなった。
vernacular,（言葉が）地方固有の,The global spread of English threatens many vernacular languages.,英語の世界的な広がりが多くの土着の言語を脅かしている。
evoke,を呼び起こす;喚起する,The photograph evoked memories of his childhood.,その写真は彼の子どものころの記憶を呼び起こした。
opaque,不透明な;光を通さない,Somebody was moving behind the opaque window.,すりガラスの向こうで誰かが動いていた。
activate,を活発にする;を作動させる,The book activated his interest in local history.,その本は地域の歴史に対する彼の興味をかき立てた。
beacon,信号（灯）;（交通の）標識灯,Beacons were lit to celebrate the arrival of peace.,平和の到来を祝う信号灯がともされた。
chic,「上品な，粋な，シックな」,They ate at a chic little restaurant.,彼らは上品なこぢんまりしたレストランで食事をした。
perennial,多年生の,Some perennial plants live for many years.,ある種の多年生の植物は何年も生きる。
abide,（abide byで）に従う;を守る,The child refused to abide by the rules.,その子どもは規則に従うことを拒否した。
onslaught,猛攻撃;強襲,Just before dawn; the enemy onslaught began.,夜明け直前に敵の猛攻撃が始まった。
oversee,を監督する;取り締まる,The man's job was to oversee the factory workers.,その男性の仕事は工場労働者を監督することだった。
resin,樹脂;松やに,This tree provides a high-quality resin.,この木からは高品質の樹脂が採れる。
alloy,合金,Brass is an alloy of copper and zinc.,真ちゅうは銅と亜鉛の合金だ。
genetics,遺伝学;遺伝的特徴,Genetics has made great progress in recent years.,遺伝学は近年大きく進歩している。
smear,を塗り付ける,The abstract artist smeared paint on the canvas.,その抽象画家はキャンパスに絵の具を塗り付けた。
hype,誇大宣伝,The advertisement was little more than hype.,その広告はほとんど誇大宣伝でしかなかった。
pesticide,殺虫剤;除草剤,The use of pesticides caused terrible pollution.,殺虫剤の使用がひどい汚染を引き起こした。
disparate,異質の;本質的に異なる,The board members have disparate views on how to handle the problem.,取締役たちはその問題の対処法について異なる考えを持っている。
fluorescent,蛍光を発する;蛍光性の,Fluorescent lights lit up the kitchen.,蛍光灯の明かりがキッチンを照らした。
fungus,菌類;キノコ;カビ,There are many edible kinds of fungus.,食用に適した菌類には多くの種類がある。
degenerate,低下する;悪化する,The elderly woman's health began to degenerate rapidly after the operation.,その高齢の女性の健康状態は手術後急速に悪化し始めた。
uncompromising,「妥協しない，強硬な，断固とした」,His wife admired his uncompromising attitude.,彼の妻は彼の妥協しない姿勢に感心した。
drab,（色が）くすんだ;地味な,The walls were painted a drab brown.,その壁はくすんだ茶色に塗られた。
incarnation,一時期の姿;前世;化身;権化,Perhaps he was a fish in a previous incarnation.,もしかすると彼の前世は魚だったかもしれない。
invoke,を引き合いに出す;を生じさせる,The lawyer invoked a little known law.,弁護士はほとんど知られていない法律を引き合いに出した。
retina,網膜,Each individual's retinae are unique.,網膜は一人一人違う。
prowess,立派な腕前;優れた能力;武勇,The other boys admired his prowess at rugby.,他の少年たちは彼の優れたラグビーの能力に感心した。
nip,をつまむ;（軽く）かむ,Some birds can make tools by nipping and cutting.,つまんだり切ったりして道具を作ることができる鳥もいる。
patriotism,愛国心,Full of patriotism; the crowd cheered the soldiers.,愛国心にあふれた群衆は兵士たちに喝采した。
ambivalent,（〜に）相反する感情を抱く,He felt deeply ambivalent towards his father.,彼は父親に対して非常に相反する感情を抱いていた。
barbed,先端が鋭く曲がった,The camp was surrounded with barbed wire.,キャンプは有刺鉄線で囲まれていた。
denote,を示す;の印である;意味する,Italics are often used to denote foreign words.,外国語の単語を示すためにしばしば斜字体が用いられる。
amenity,「生活を快適にするもの［施設，環境］」,The campus has many amenities.,このキャンパスにはアメニティー施設がたくさんある。
dilute,を（〜で）薄める;希釈する,This lemon juice should be diluted with water.,このレモンジュースは水で薄めた方がいい。
fragrant,香りの良い;芳香性の,The fragrant smell of roses filled the house.,バラのかぐわしい香りが家を満たした。
flimsy,「薄くて軽い，薄っぺらの，壊れやすい」,She wore a flimsy dress of silk.,彼女は薄くて軽い絹のドレスを着ていた。
idiosyncratic,独特な;一風変わった,Many readers liked his idiosyncratic style.,読者の多くは彼の独特のスタイルが好きだった。
pore,（pore overで）を熟読する;注意深く調べる,She pored over the old newspapers looking for the article.,彼女はその記事を探して古い新聞をじっくり読んだ。
courtship,求愛行動;交際（期間）,Courtship rituals vary according to cultural norms.,求愛の儀式は文化的規範によってさまざまである。
empathy,共感;感情移入,Moved by empathy; she gave her sister a hug.,共感に動かされて，彼女は妹にハグをした。
bolster,を高める;強化する,His high marks bolstered his confidence.,良い点を取ったことが彼の自信を高めた。
converse,(the-)反対; 逆,Diligent students tend to achieve academic success and the converse is also true.,勤勉な学生は学問的成功を収める傾向があり，逆もまた真である。
backlash,(-に対する)激しい反発,There has been a backlash against liberalism in the country recently.,最近その国ではリベラリズムに対する激しい反発が起きている。
assortment,(-の)詰め合わせ; 寄せ集め,The box contained an assortment of cakes.,その箱の中身は各種ケーキの詰め合わせだった。
phantom,幽霊; お化け,Various people claimed to have seen the phantom.,さまざまな人がその幽霊を見たと言い張った。
nomadic,遊牧(民)の; 流浪の,He belonged to a nomadic tribe of herdsmen.,彼は動物の群れを飼う遊牧民の部族の一員だった。
shuffle,をごちゃ混ぜにする; 移し替える,The team was forced to shuffle its line-up due to injuries.,そのチームはけが人が出たため出場選手を入れ替えることを余儀なくされた。
mentor,良き指導者[助言者],Older students act as mentors to younger ones.,年上の生徒は後輩に対して良き助言者の役目を務める。
gland,腺,She suffered from swollen glands in her neck.,彼女は首の腺の肥大を患っていた。
camouflage,に(-で)偽装[迷彩]を施す,They camouflaged the trench with branches.,彼らは枝で堀に偽装を施した。
pleasurable,楽しい; 愉快な; 満足感を与える,My stay at the hotel was a very pleasurable experience.,そのホテルでの滞在はとても満足のいく経験だった。
intrigue,の好奇心をそそる; に興味を起こさせる,The handsome stranger intrigued her.,そのハンサムな見知らぬ男は彼女の好奇心をそそった。
astronomical,天文学的な; 天文学(上)の,The country's unemployment rate has reached an astronomical level.,その国の失業率は天文学的なレベルに達している。
deteriorate,悪化する,The patient's condition began to deteriorate.,患者の症状が悪化し始めた。
flex,を曲げる; 屈伸する,The runners flexed their legs before the race.,ランナーたちはレース前に脚の屈伸をした。
verify,の正しさを証明[立証]する,The physicist could not verify his claims.,その物理学者は主張が正しいと証明することができなかった。
flaw,傷; ひび; 割れ目; 欠点,There was a small flaw in the lens of the camera.,カメラのレンズに小さな傷があった。
eradicate,を根絶する; 撲滅する,Certain diseases have been eradicated by science.,ある種の病気は科学により根絶されてきた。
caste,カースト; カースト制度,They were wealthy Indians from an upper caste.,彼らは上流カースト出身の裕福なインド人だった。
mimic,をまねる; の物まねをする,The boy could mimic his teachers perfectly.,その男の子は本物そっくりに先生のまねをすることができた。
tenuous,(関係・根拠などが)希薄な; 薄弱な,His argument seemed rather tenuous.,彼の論拠はずいぶん薄弱に思えた。
antibiotics,抗生物質,The disease resisted all known antibiotics.,その病気は既知の抗生物質全てに耐性を持っていた。
bun,小型の丸い(菓子)パン,In the UK; buns are often eaten at Easter.,イギリスでは小型の丸い菓子パンはイースターのときによく食べられる。
disperse,を分散させる; 追い散らす,Chemicals were used to disperse the oil.,油を分散させるために化学薬品が使われた。
psyche,精神; 心; 魂,Freud explored the depths of the human psyche.,フロイトは人間の精神の深淵を探求した。
arduous,骨の折れる; 困難な; つらい,They began the arduous task of clearing the site.,彼らは敷地の片付けという骨の折れる作業を始めた。
elicit,を引き出す; を喚起する,The detectives tried to elicit a confession from the man.,刑事たちは男から自白を引き出そうと試みた。
whim,気まぐれな考え; 思い付き,On a whim; she entered the museum.,彼女は思い付きでその美術館に入った。
heyday,全盛期; 絶頂; 盛り,In its heyday; the British Empire spanned approximately 11 million square miles.,全盛期には，大英帝国はおよそ 1,100万平方マイルに及んだ。
occupant,占有者; 居住者,Firefighters evacuated the occupants of the flats.,消防士たちがアパートの居住者を避難させた。
cardiovascular,心臓血管の,Cardiovascular disease is a major cause of death.,心臓血管病は主要な死因の 1つである。
disproportionately,不釣り合いに,Their spending on rent was disproportionately large.,彼らの賃貸料の支出は不釣り合いなまでに大きかった。
colossal,巨大な,A colossal statue of the leader was put up.,その指導者の巨大な像が建てられた。
erroneous,間違った; 誤った; 正しくない,People have many erroneous beliefs about science.,人々は科学についてたくさんの間違った考えを持っている。
usher,(usher inで)の到来を告げる,The discovery ushered in a new era of technology.,その発見はテクノロジーの新時代の到来を告げた。
iceberg,氷山,The ship hit an enormous iceberg.,その船は巨大な氷山に衝突した。
murky,暗い; 陰気な; 濁った,The weather forecast says that the weather will be murky.,天気予報はどんよりした天気になると言っている。
instantaneous,瞬時の; 瞬間的な; 即時の,The effects of the medicine were instantaneous.,その薬は瞬時に効いた。
reclaim,を埋め立てる; 干拓して作る,They announced a project to reclaim land from the sea.,彼らは海を干拓する計画を発表した。
footage,(映画の)一場面; シーン,The teacher showed some footage from an old news film.,先生は古いニュース映画の場面を幾つか見せた。
allergy,(-に対する)アレルギー,The girl had an allergy to peanuts.,その女の子はピーナッツにアレルギーがあった。
foetus,胎児,Alcohol can cause harm to a foetus.,アルコールは胎児に害を及ぼすことがある。
resilience,回復力; 復元力; 弾力(性),Resilience against illness decreases with age.,病気からの回復力は年齢とともに衰える。
deduce,を推測する,He deduced the height of the intruder from the footprints.,彼は足跡から侵入者の身長を推測した。
infrared,赤外線の,They used infrared light to see in the dark.,彼らは暗闇でも見えるように赤外線ライトを用いた。
uncanny,不可思議な; 奇怪な,He had an uncanny ability to guess people's thoughts.,彼には人の考えを当てる不可思議な能力があった。
pendulum,振り子,The old clock contained a large pendulum.,その古時計には大きな振り子があった。
stagnant,停滞した; よどんだ,The local economy has been stagnant for years.,地元経済は何年も停滞している。
collaborate,共同して働く; 合作する,The two countries collaborated to build the dam.,両国はそのダムの建設のため協力した。
observatory,観測所; 天文台; 気象台,An observatory was built on the top of the mountain.,その山の頂上に観測所が建設された。
hue,色; 色合い; 色調,The painter always used delicate hues.,その画家はいつも繊細な色調を使った。
boulevard,広い並木通り,Paris is famous for its beautiful boulevards.,パリは美しくて広い並木通りで有名だ。
deploy,を配置する; 配備する,The managers discussed how to deploy the salesmen.,店長たちはどのように販売員を配置するか話し合った。
boulder,（浸食による）丸石; 大岩; 巨礫,They used some boulders to block the stream.,彼らは流れをせき止めるために大岩を使った。
conjunction,接続詞; 結合; 連結,Never begin sentences with a conjunction like ‘and' and ‘but'.,andやbutのような接続詞で文を始めてはいけない。
treatise,（学術）論文,He wrote a famous treatise on ethics.,彼は倫理学に関する有名な論文を書いた。
ultraviolet,紫外線の,Ultraviolet light can be used to kill germs.,殺菌には紫外線を使うことができる。
collateral,担保（物件）,He used his house as collateral for the loan.,彼は自宅を借り入れの担保にした。
fodder,飼料; 飼い葉,The hay was stored as fodder for the cattle.,その干し草は畜牛の飼料として蓄えられた。
revulsion,嫌悪; 反感,The sight made her feel a sense of revulsion.,その光景を見て彼女は嫌悪感を感じた。
sewer,下水道; 下水溝,The Greeks invented sewers; the Romans invented a water system.,ギリシャ人は下水道を発明し，ローマ人は上水道を発明した。
conjecture,推測; 憶測,The claim turned out to be mere conjecture.,その主張は結局ただの当て推量にすぎなかった。
heave,を（力を込めて）持ち上げる; 動かす,The men lifted and heaved the huge rock out of the way.,男たちはその巨大な岩を持ち上げてどかした。
mistrust,を信用しない; 疑う,Many people mistrusted the official media.,多くの人は公式メディアを信用していなかった。
flop,どすんと座る［倒れる; 落ちる］,Tired out; he flopped onto the sofa.,疲れ切って，彼はソファにどすんと座り込んだ。
milestone,画期的な出来事; 重要事件,The Factory Act was a milestone in child protection.,工場法は児童保護における画期的な出来事だった。
paralysis,まひ（症）,He suffered from paralysis of his right arm.,彼は右腕のまひを患った。
simulate,を模擬実験する; シミュレートする,The program was used to simulate the effect of flooding.,洪水の影響をシミュレートするためにそのプログラムが使われた。
disorderly,無秩序な; 混乱した; 乱雑な,The children left their clothes in a disorderly pile on the floor.,子どもたちは服を床に乱雑に積んだままにしていた。
foresight,先見（の明）; 洞察（力）,Those with foresight quickly sold their shares.,先見の明のある者はさっさと株を売った。
painstaking,労を惜しまない; 勤勉な; 丹精込めた,Despite his painstaking work; mistakes remained.,彼は労を惜しまず作業したが，間違いが残っていた。
recapture,奪還; を取り戻す; 奪い返す,After a fierce battle; the town was recaptured.,激しい戦闘の後に，その町は奪還された。
demolish,を取り壊す; を粉砕する,The city government ordered the house demolished.,市当局はその家を取り壊すよう命令した。
individualistic,個人主義の; 利己主義の,Over time; the culture became more individualistic.,時を経て，その文化はより個人主義的になった。
dismantle,を分解する,The boy dismantled his bike and cleaned it thoroughly.,少年は自転車を分解して徹底的に掃除した。
nutrient,栄養分［素］; 滋養,Brown rice contains various important nutrients.,玄米はさまざまな重要な栄養素を含んでいる。
broadcaster,キャスター; アナウンサー,The broadcaster read the news in an emotional voice.,アナウンサーは感情的な声でそのニュースを読んだ。
culprit,原因（となるもの）; 犯人,Carbon dioxide emissions are considered one of the main culprits of global warming.,二酸化炭素の排出は地球温暖化の主な原因の1つと考えられている。
spawn,（魚・カエルなどが卵を）産む,Fish return to the river to spawn their eggs.,魚は卵を産むためにその川に戻る。
aptitude,（〜の）才能; 素質,His aptitude for chess appeared early.,彼のチェスの才能が芽を出すのは早かった。
anecdote,逸話; 秘話; 小話,He entertained us with anecdotes from his school days.,彼は学生時代の逸話で私たちを楽しませた。
publicise,を一般に知らせる; 公にする,They spent much money publicising the event.,彼らはその催しの広報活動をするために多額を費やした。
longevity,長命; 長生き; 寿命,The old man said the secret to longevity is to laugh often.,長生きの秘訣はよく笑うことだと老人は言った。
squeak,甲高い声［音］を出す,He could hear rats squeaking in the roof.,彼は天井でネズミがチューチュー鳴いているのが聞こえた。
droppings,（動物の）ふん; 肥やし,The garden was full of deer droppings.,庭はシカのふんでいっぱいだった。
grenade,手りゅう弾,One of the demonstrators threw a grenade.,デモ参加者の1人が手りゅう弾を投げた。
weighty,重大な; 重要な; 重い,He had to solve many weighty problems.,彼はたくさんの重要な問題を解決しなければならなかった。
remnant,（しばしば-s）（わずかな）残り; 余り,His former home was only a remnant of what it had once been.,彼のかつての家はわずかな面影を残すばかりだった。
assimilate,を吸収同化する; を消化［吸収］する,Most immigrants were assimilated.,ほとんどの移民は吸収同化されていた。
carefree,心配［苦労］のない; のんきな,He loved her carefree attitude to life.,彼女の人生に対するのんきな姿勢が彼は好きだった。
necessitate,を必要とする,The financial crisis necessitated immediate action.,金融危機は即座の対策を必要とした。
constrain,を抑制する; を強いる,Government spending was constrained by the recession.,景気後退により政府の支出が抑えられた。
mediocre,並の; 平凡な; 普通の,He was a good scholar but a mediocre teacher.,彼は学者としては優れていたが，教師としては並だった。
glossary,用語小辞典; 用語集,The book contained a glossary of technical terms.,その本には専門用語の語彙集が含まれていた。
censure,を非難する; 酷評する,His action was censured by his colleagues.,彼の行動は同僚たちから非難された。
avalanche,雪崩,Three climbers died in the avalanche.,その雪崩で3人の登山者が亡くなった。
jolt,急激な揺れ; 驚き,He received a jolt when the train stopped.,列車が止まって彼は急な揺さぶりを受けた。
refute,の誤りを証明する; を論駁する,A hypothesis is refuted when evidence disagrees with it.,証拠が合致しない場合には仮説の間違いが証明される。
deflect,をそらす; の方向を変える,The goalkeeper deflected the ball with one hand.,ゴールキーパーは片手でボールをそらした。
bead,数珠玉; ビーズ,She always carried her prayer beads with her.,彼女はいつも数珠を持ち歩いていた。
germ,微生物; 細菌; 病原菌; 胚,Researchers identified the germ that caused the disease.,研究者たちはその病気の原因となる細菌を突き止めた。
recalcitrant,反抗的な; 手に負えない; 強情な,The stricter he was; the more recalcitrant his son became.,彼が厳しくすればするほど息子は反抗的になった。
adversity,逆境; 不運,Immigrant workers faced many adversities.,移民労働者は多くの逆境に直面した。
transcend,を越える,Environmental problems often transcend national borders.,環境問題はしばしば国境を越える。
dub,に（〜と）あだ名を付ける; を（〜と）呼ぶ,His followers dubbed him ‘the Chief'.,弟子たちは彼を「かしら」と呼んだ。
sibling,兄弟姉妹（の1人）,It is common for siblings to quarrel.,兄弟の仲たがいはよくあることだ。
obese,肥満した,There are a growing number of obese children.,肥満の子どもが増えている。
affiliate,を（〜と）提携させる; 支部,The clinic is affiliated with the university hospital.,そのクリニックは大学病院と提携している。
unparalleled,並ぶものがない; 無比の,The exhibition attracted an unparalleled number of visitors.,その展示会は類を見ない数の来館者を集めた。
impair,を弱める; 害する; 損なう,His tiredness impaired his ability to think logically.,彼は疲労で論理的思考力が損なわれた。
denounce,を非難する,The opposition parties denounced the election as a fraud.,野党はその選挙を詐欺だと非難した。
loot,を略奪する; 略奪品,The invading army looted the palace.,侵略軍は宮殿を略奪した。
jeopardise,を危うくする; 危機に陥れる,The project was jeopardised by government cuts.,その計画は政府の予算削減により危機に陥った。
ensue,続いて起こる; 結果として起こる,Problem after problem ensued.,次から次へと問題が起こった。
grimace,苦悶［嫌悪］の表情を浮かべる; 顔をしかめる,He wore a grimace of pain on his face.,彼は苦痛で顔をしかめた。
encyclopaedia,百科事典,There was no entry on the writer in the encyclopaedia.,百科事典にその作家の見出しはなかった。
evaporate,蒸気になる; 蒸発する; を蒸発させる,The puddles quickly evaporated in the heat.,水たまりは暑さですぐに蒸発した。
obstruct,を遮断する; ふさぐ; 遮る,His view of the race was obstructed by a tree.,木に遮られて彼はレースを見られなかった。
entice,を誘惑する; おびき寄せる,Enticed by the smell of coffee; he entered the cafe.,コーヒーの香りに誘われて彼はそのカフェに入った。
resourceful,臨機応変の（才のある）,The resourceful boy used his handkerchief to bandage his injured leg.,臨機応変の才のあるその少年はハンカチを使ってけがをした脚に包帯をした。
starch,でんぷん（質）,Potatoes contain a lot of starch.,ジャガイモにはでんぷんがたさん含まれている。
alienate,を疎外する,Many teenagers feel alienated from society.,多くの10代の若者は社会から疎外されていると感じている。
unveil,のベール［覆い］を取る; 明らかにする,The artist unveiled the new statue.,その芸術家は新しい彫像を披露した。
erupt,噴火する,Experts feared the volcano would erupt.,専門家はその火山が噴火することを恐れていた。
intolerant,（〜に対して）不寛容な; 狭量な,The village was intolerant of outsiders.,その村は外部の人に対して不寛容だった。
misconception,誤った考え［概念］,There was a misconception that he was from Cambridge University.,彼がケンブリッジ大学出身だという誤解があった。
pane,窓ガラス,The explosion shattered every pane of glass.,その爆発で窓ガラスが全部粉々になった。
larva,幼虫; （動物の）幼生,There was an insect larva on the leaf.,葉っぱに幼虫が付いていた。
sustenance,生命を維持するもの; 食物,The escaped soldiers were given sustenance by the villagers.,脱走兵たちは村人から食べ物を与えられた。
parched,乾き切った,After the summer; the ground was parched.,夏が終わり，地面は乾き切っていた。
sift,をふるいに掛ける; ふるう,The cook sifted the flour for a cake.,コックはケーキ作りのために小麦粉をふるった。
topple,を倒す; をぐらつかせる; 倒れる,The army toppled the civilian government.,軍隊は文民統制の政府を倒した。
concur,（〜に）賛成する; 同意する,His parents concurred with his decision.,両親は彼の決心に賛成した。
pretender,（〜の）権利主張者; 詐称者,Pretenders to leadership always attract attention by highlighting problems.,指導者の地位を狙う者は常に問題を強調することで関心を集める。
zoology,動物学,She became a professor of zoology.,彼女は動物学の教授になった。
erode,を浸食［腐食］する; 浸食される,Wind and waves eroded the rock over a long time.,風と波が長い時間をかけてその岩を浸食した。
unyielding,妥協しない; 断固とした,He was an unyielding critic of the government.,彼は政府に対して断固とした批判者だった。
enlighten,を啓発する; 啓蒙する,She did her best to enlighten people about the danger.,彼女はその危険について人々を啓蒙しようと最善を尽くした。
insulate,を遮断する; 絶縁する,Insulating one's home can lead to lower fuel bills.,家を断熱すると燃料費を安くすることができる。
amplify,を増幅する,The orchestral instruments were amplified through giant speakers.,オーケストラの楽器は巨大なスピーカーを通して増幅された。
yolk,黄身; 卵黄,The cake requires five egg yolks.,そのケーキを作るには卵黄が5つ必要だ。
demobilise,を除隊［復員］させる,Most non-regular soldiers were demobilised at the end of the war.,ほとんどの非正規兵は戦争が終わると除隊した。
coexistence,共存,The statesman promoted the peaceful coexistence of nations.,その政治家は諸国家の平和的共存を推し進めた。
improvise,を即興で作る［演奏する］,The comedian improvised a few jokes.,そのコメディアンは幾つかのジョークを即興で言った。
aggravate,を悪化させる; 深刻にする,Overwork aggravated his health problems.,働き過ぎが彼の健康問題を悪化させた。
gymnastics,（特に器具を用いる）体操,Gymnastics was a popular subject with boys.,体操は男子に人気のある科目だった。
smother,を（〜で）厚く覆う; を窒息させる,She smothered the strawberries with cream.,彼女はイチゴにクリームをたっぷりかけた。
tint,色合い; 色調,The petals of the flower had a purple tint.,その花の花弁は紫の色合いを帯びていた。
categorise,を類別する; 分類する,He found it hard to categorise the book.,彼はその本を分類するのは難しいと感じた。
tome,大型の分厚い本; 大冊,Various heavy law tomes sat on his desk.,彼の机には重くて分厚い法律書がいろいろと積まれていた。
downside,(the ~) 否定的側面; 弱点,The downside of the plan was its great expense.,その企画のマイナス面はとても費用がかかることだった。
repute,評判; 世評,He was known as a doctor of good repute.,彼は評判の良い医師として知られていた。
empower,に自力でやれる能力を付けさせる,The school had a policy of empowering female students.,その学校には女子生徒に自立できる力を与えるという方針があった。
gadget,(小さい)機械; 装置; 器具,He loved gadgets like portable game consoles.,彼は携帯型ゲーム機のような小さな機械が好きだった。
stun,をとても驚かす; ぼうぜんとさせる,She was stunned to hear he had married.,彼女は彼が結婚したと聞いてぼうぜんとした。
unleash,を発散させる; 爆発させる,He unleashed his fury at his assistant.,彼はアシスタントに怒りを爆発させた。
taper,先細になる,The long leaves tapered to a point.,その長い葉は先が細くなってとがっていた。
culminate,(〜で)頂点に達する; 終わる,The novel culminated in a passionate love scene.,その小説は情熱的なラブシーンで頂点に達した。
scrutinate,を綿密［厳密］に検査［吟味］する,"Taking the passport, the official scrutinised it closely.",パスポートを手に取り，係官はそれを綿密に調べた。
frugal,質素な; つましい,The old couple lived a very frugal life.,その老夫婦はとても質素な生活を送った。
fingertip,指先,He pressed the button with his fingertip.,彼は指先でボタンを押した。
eject,を噴出する; を追い出す,"Ejecting clouds of steam, the locomotive set off.",蒸気の煙を吐き出して，機関車は出発した。
degrade,の質を低下させる; の地位を落とす,Constant rainfall had degraded the sculpture.,絶え間ない雨がその彫刻を劣化させていた。
rehabilitate,の名誉を回復させる; を修復する,The dissident was rehabilitated by a court.,その反体制派の人は法廷で名誉を回復した。
invert,を逆さまにする; ひっくり返す,He inverted the table in order to fix it.,彼は修理するためテーブルをひっくり返した。
fume,(通例-s)(悪臭のする)煙; 蒸気; ガス,The garage was filled with exhaust fumes.,ガレージは排気ガスでいっぱいだった。
ailment,(軽いまたは慢性的な)病気,The herb was used to treat many different ailments.,その薬草は多くのさまざまな病気の治療に用いられた。
dwindle,だんだん減少［縮小］する; 衰える,"As his income dwindled, he cut his spending.",収入が減少したので，彼は支出を抑えた。
gape,(-を)ぽかんと口を開けて眺める,The children gaped at the lion.,子どもたちはぽかんと口を開けてライオンを眺めた。
revolutionise,に革命［大変革］を起こす,Digital technology has revolutionised the publishing industry.,デジタル技術は出版業に革命をもたらした。
socialise,を社会生活に適応させる; 交際する,The neglected child had been poorly socialised.,育児放棄されたその子どもはうまく社会生活に適応できていなかった。
automate,をオートメーション化［自動化］する,The factory was now fully automated.,その工場は今や完全にオートメーション化された。
afflict,を(〜で)苦しめる; 悩ます,He was afflicted with a severe allergy.,彼は重度のアレルギーに悩まされていた。
amass,を蓄積する; 集める,The businessman had amassed a large fortune.,その実業家は相当の資産を蓄えていた。
shortcomings,短所; 欠点; 至らない点,He had many shortcomings as a father.,彼には父親として至らない点が多くあった。
embed,を埋め込む,A long pole was embedded in the ground.,長い柱が地面に埋め込まれていた。
delude,を惑わす; 欺く,"Deluded by his promises, she lent him the money.",彼の約束に惑わされて，彼女は彼にお金を貸した。
centralise,を中央集権化する; を集中させる,Power in the state was highly centralised.,その国の権限は高度に中央集権化されていた。
devastate,を荒廃させる; 破壊する,The town was devastated by the fire.,町はその火事で荒廃した。
earthworm,ミミズ,Earthworms are necessary to put oxygen into the soil.,ミミズは土に酸素を送るために必要だ。
facade,(建物の)正面; ファサード; 外見,The building had a beautiful Renaissance facade.,その建物は美しいルネサンス様式のファサードを持っていた。
overstate,を大げさに話す; 誇張する,Overstating one's case is rarely effective.,実情を誇張することが効果的であることはめったにない。
sear,を焦がす; の表面を焼く,He seared his hands fighting the fire.,彼は火事と格闘して両手にやけどを負った。
cerebral cortex,(the-)大脳皮質,His cerebral cortex had been damaged by disease.,彼の大脳皮質は病気で損傷していた。
colonise,を植民地化する,The British colonised the island.,イギリス人はその島を植民地化した。
retard,を遅らせる; 遅くする; を阻害する,In fact the government's policies retarded economic development.,実際のところ政府の方針は経済の発展を遅らせた。
moisten,を湿らせる; 潤す; 少しぬらす,She moistened the cloth and wiped the table.,彼女は扶巾を湿らせてテーブルを拭いた。
submerge,を沈める; を水浸しにする,The captain ordered his men to submerge the submarine.,艦長は部下に潜水艦を潜水させるよう命令した。
incite,を扇動する,He tried to incite his colleagues to strike.,彼はストライキをするよう同僚たちを扇動しようとした。
inaugurate,を就任させる; を開始する,He was inaugurated as the first president of the country.,彼はその国の初代大統領に就任した。
populate,に住み着く; に植民する,Settlers rapidly populated the area.,入植者が急速にその地域に住み着いた。
kindle,に火をつける; をかき立てる,He tried to kindle the driftwood into a fire.,彼はその流木で火をおこそうとした。
irrigate,に水を引く; をかんがいする,They used the river to irrigate their fields.,彼らは畑をかんがいするためにその川を利用した。
besiege,に押し寄せる; を包囲攻撃する,He was besieged with requests for his autograph.,サインを欲しいという依頼が彼に殺到した。
mystify,を惑わす; けむに巻く,Everyone was mystified by the chairman's statement.,会長の発言に皆が当惑した。
fertilise,に受精［受粉］させる,The flowers were fertilised by bees.,その花はミツバチによって受粉された。
disfigure,の美観を損なう; を醜くする,An ugly modern building disfigured the old square.,醜い現代的な建物が古い広場の美観を損なった。
astound,を仰天させる; がくぜんとさせる,He was astounded to find his wife in the bar.,彼はバーに妻がいるのを見てがくぜんとした。
seesaw,変動; シーソー板,There has been a natural seesaw pattern of climate change.,気候の変化には自然の変動パターンが存在してきた。
entangle,をもつれさせる,He entangled his legs in the rope and fell over.,彼はロープに脚が絡まって転倒した。
victimise,を迫害する; 不当に扱う,The immigrants were victimised by the police.,移民たちは警察に不当に扱われた。
